-- MySQL dump 10.13  Distrib 8.0.27, for Win64 (x86_64)
--
-- Host: localhost    Database: bookstore_db
-- ------------------------------------------------------
-- Server version	8.0.11

/*!40101 SET @OLD_CHARACTER_SET_CLIENT=@@CHARACTER_SET_CLIENT */;
/*!40101 SET @OLD_CHARACTER_SET_RESULTS=@@CHARACTER_SET_RESULTS */;
/*!40101 SET @OLD_COLLATION_CONNECTION=@@COLLATION_CONNECTION */;
/*!50503 SET NAMES utf8 */;
/*!40103 SET @OLD_TIME_ZONE=@@TIME_ZONE */;
/*!40103 SET TIME_ZONE='+00:00' */;
/*!40014 SET @OLD_UNIQUE_CHECKS=@@UNIQUE_CHECKS, UNIQUE_CHECKS=0 */;
/*!40014 SET @OLD_FOREIGN_KEY_CHECKS=@@FOREIGN_KEY_CHECKS, FOREIGN_KEY_CHECKS=0 */;
/*!40101 SET @OLD_SQL_MODE=@@SQL_MODE, SQL_MODE='NO_AUTO_VALUE_ON_ZERO' */;
/*!40111 SET @OLD_SQL_NOTES=@@SQL_NOTES, SQL_NOTES=0 */;

--
-- Table structure for table `categories`
--

DROP TABLE IF EXISTS `categories`;
/*!40101 SET @saved_cs_client     = @@character_set_client */;
/*!50503 SET character_set_client = utf8mb4 */;
CREATE TABLE `categories` (
  `id` int(11) NOT NULL AUTO_INCREMENT,
  `name` varchar(128) NOT NULL,
  `alias` varchar(64) NOT NULL,
  `enabled` int(11) NOT NULL,
  `parent_id` int(11) DEFAULT NULL,
  PRIMARY KEY (`id`),
  UNIQUE KEY `UK_jx1ptm0r46dop8v0o7nmgfbeq` (`alias`),
  UNIQUE KEY `UK_t8o6pivur7nn124jehx7cygw5` (`name`),
  KEY `FKsaok720gsu4u2wrgbk10b5n8d` (`parent_id`),
  CONSTRAINT `FKsaok720gsu4u2wrgbk10b5n8d` FOREIGN KEY (`parent_id`) REFERENCES `categories` (`id`)
) ENGINE=InnoDB AUTO_INCREMENT=35 DEFAULT CHARSET=utf8;
/*!40101 SET character_set_client = @saved_cs_client */;

--
-- Dumping data for table `categories`
--

LOCK TABLES `categories` WRITE;
/*!40000 ALTER TABLE `categories` DISABLE KEYS */;
INSERT INTO `categories` VALUES (1,'Arts','Arts',1,NULL),(2,'Biographies','Biographies',1,NULL),(3,'Business','Business',1,NULL),(4,'Comics','Comics',1,NULL),(5,'Computers','Computers',1,NULL),(6,'Cooking','Cooking',1,NULL),(7,'Education','Education',1,NULL),(8,'Health','Health',1,NULL),(9,'History','History',1,NULL),(10,'Horror','Horror',1,NULL),(11,'Kids','Kids',1,NULL),(12,'Fiction','Fiction',1,NULL),(13,'Parenting','Parenting',1,NULL),(14,'Fantasy','Fantasy',1,NULL),(15,'Science','Science',1,NULL),(16,'Teen','Teen',1,NULL),(17,'Travel','Travel',1,NULL),(18,'Westerns','Westerns',1,NULL),(19,'Home','Home',1,NULL),(20,'Mystery','Mystery',1,NULL),(21,'Asian','Asian',1,6),(22,'Baking','Baking',1,6),(23,'BBQ','BBQ',1,6),(24,'Desserts','Desserts',1,6),(25,'Ghosts','Ghosts',1,10),(26,'Paranormal','Paranormal',1,10),(27,'Supernatural','Supernatural',1,10),(28,'Vampires','Vampires',1,10),(29,'Zombies','Zombies',1,10),(30,'Anatomy','Anatomy',1,15),(31,'Animals','Animals',1,15),(32,'Astronomy','Astronomy',1,15),(33,'Biology','Biology',1,15),(34,'Mathematics','Mathematics',1,15);
/*!40000 ALTER TABLE `categories` ENABLE KEYS */;
UNLOCK TABLES;

--
-- Table structure for table `countries`
--

DROP TABLE IF EXISTS `countries`;
/*!40101 SET @saved_cs_client     = @@character_set_client */;
/*!50503 SET character_set_client = utf8mb4 */;
CREATE TABLE `countries` (
  `id` int(11) NOT NULL AUTO_INCREMENT,
  `name` varchar(45) NOT NULL,
  `code` varchar(45) NOT NULL,
  PRIMARY KEY (`id`)
) ENGINE=InnoDB AUTO_INCREMENT=8 DEFAULT CHARSET=utf8;
/*!40101 SET character_set_client = @saved_cs_client */;

--
-- Dumping data for table `countries`
--

LOCK TABLES `countries` WRITE;
/*!40000 ALTER TABLE `countries` DISABLE KEYS */;
INSERT INTO `countries` VALUES (1,'Republic of India','IN'),(2,'United States','US'),(3,'United Kingdom','UK'),(4,'Vietnam','VN'),(5,'Canada','CA'),(6,'Germany','DE');
/*!40000 ALTER TABLE `countries` ENABLE KEYS */;
UNLOCK TABLES;

--
-- Table structure for table `currencies`
--

DROP TABLE IF EXISTS `currencies`;
/*!40101 SET @saved_cs_client     = @@character_set_client */;
/*!50503 SET character_set_client = utf8mb4 */;
CREATE TABLE `currencies` (
  `id` int(11) NOT NULL AUTO_INCREMENT,
  `name` varchar(64) NOT NULL,
  `symbol` varchar(3) NOT NULL,
  `code` varchar(4) NOT NULL,
  PRIMARY KEY (`id`)
) ENGINE=InnoDB AUTO_INCREMENT=13 DEFAULT CHARSET=utf8;
/*!40101 SET character_set_client = @saved_cs_client */;

--
-- Dumping data for table `currencies`
--

LOCK TABLES `currencies` WRITE;
/*!40000 ALTER TABLE `currencies` DISABLE KEYS */;
INSERT INTO `currencies` VALUES (1,'United States Dollar','$','USD'),(2,'British Pound','£','GPB'),(3,'Japanese Yen','¥','JPY'),(4,'Euro','€','EUR'),(5,'Russian Ruble','₽','RUB'),(6,'South Korean Won','₩','KRW'),(7,'Chinese Yuan','¥','CNY'),(8,'Brazilian Real','B$','BRL'),(9,'Australian Dollar','$','AUD'),(10,'Canadian Dollar','$','CAD'),(11,'Vietnamese dong','₫','VND'),(12,'Indian Rupee','₹','INR');
/*!40000 ALTER TABLE `currencies` ENABLE KEYS */;
UNLOCK TABLES;

--
-- Table structure for table `products`
--

DROP TABLE IF EXISTS `products`;
/*!40101 SET @saved_cs_client     = @@character_set_client */;
/*!50503 SET character_set_client = utf8mb4 */;
CREATE TABLE `products` (
  `id` int(11) NOT NULL AUTO_INCREMENT,
  `alias` varchar(256) NOT NULL,
  `author` varchar(256) NOT NULL,
  `cost` float NOT NULL,
  `created_time` datetime DEFAULT NULL,
  `description` varchar(1024) NOT NULL,
  `discount_percent` float DEFAULT NULL,
  `enabled` bit(1) DEFAULT NULL,
  `in_stock` bit(1) DEFAULT NULL,
  `name` varchar(256) NOT NULL,
  `price` float NOT NULL,
  `updated_time` datetime DEFAULT NULL,
  `weight` float NOT NULL,
  `category_id` int(11) DEFAULT NULL,
  PRIMARY KEY (`id`),
  UNIQUE KEY `UK_8qwq8q3hk7cxkp9gruxupnif5` (`alias`),
  UNIQUE KEY `UK_1fdslyxod6pgjv8bdnb4sgt8` (`author`),
  UNIQUE KEY `UK_o61fmio5yukmmiqgnxf8pnavn` (`name`),
  KEY `FKog2rp4qthbtt2lfyhfo32lsw9` (`category_id`),
  CONSTRAINT `FKog2rp4qthbtt2lfyhfo32lsw9` FOREIGN KEY (`category_id`) REFERENCES `categories` (`id`)
) ENGINE=InnoDB DEFAULT CHARSET=utf8;
/*!40101 SET character_set_client = @saved_cs_client */;

--
-- Dumping data for table `products`
--

LOCK TABLES `products` WRITE;
/*!40000 ALTER TABLE `products` DISABLE KEYS */;
/*!40000 ALTER TABLE `products` ENABLE KEYS */;
UNLOCK TABLES;

--
-- Table structure for table `roles`
--

DROP TABLE IF EXISTS `roles`;
/*!40101 SET @saved_cs_client     = @@character_set_client */;
/*!50503 SET character_set_client = utf8mb4 */;
CREATE TABLE `roles` (
  `id` int(11) NOT NULL AUTO_INCREMENT,
  `name` varchar(40) NOT NULL,
  `description` varchar(150) NOT NULL,
  PRIMARY KEY (`id`),
  UNIQUE KEY `UK_ofx66keruapi6vyqpv6f2or37` (`name`)
) ENGINE=InnoDB AUTO_INCREMENT=3 DEFAULT CHARSET=utf8;
/*!40101 SET character_set_client = @saved_cs_client */;

--
-- Dumping data for table `roles`
--

LOCK TABLES `roles` WRITE;
/*!40000 ALTER TABLE `roles` DISABLE KEYS */;
INSERT INTO `roles` VALUES (1,'Admin','manage everything'),(2,'Salesperson','manage products, categories, orders');
/*!40000 ALTER TABLE `roles` ENABLE KEYS */;
UNLOCK TABLES;

--
-- Table structure for table `roles_users`
--

DROP TABLE IF EXISTS `roles_users`;
/*!40101 SET @saved_cs_client     = @@character_set_client */;
/*!50503 SET character_set_client = utf8mb4 */;
CREATE TABLE `roles_users` (
  `role_id` int(11) NOT NULL,
  `user_id` int(11) NOT NULL,
  PRIMARY KEY (`role_id`,`user_id`)
) ENGINE=InnoDB DEFAULT CHARSET=utf8;
/*!40101 SET character_set_client = @saved_cs_client */;

--
-- Dumping data for table `roles_users`
--

LOCK TABLES `roles_users` WRITE;
/*!40000 ALTER TABLE `roles_users` DISABLE KEYS */;
INSERT INTO `roles_users` VALUES (1,1),(2,2);
/*!40000 ALTER TABLE `roles_users` ENABLE KEYS */;
UNLOCK TABLES;

--
-- Table structure for table `settings`
--

DROP TABLE IF EXISTS `settings`;
/*!40101 SET @saved_cs_client     = @@character_set_client */;
/*!50503 SET character_set_client = utf8mb4 */;
CREATE TABLE `settings` (
  `key` varchar(128) NOT NULL,
  `category` varchar(45) NOT NULL,
  `value` varchar(1024) NOT NULL,
  PRIMARY KEY (`key`)
) ENGINE=InnoDB DEFAULT CHARSET=utf8;
/*!40101 SET character_set_client = @saved_cs_client */;

--
-- Dumping data for table `settings`
--

LOCK TABLES `settings` WRITE;
/*!40000 ALTER TABLE `settings` DISABLE KEYS */;
INSERT INTO `settings` VALUES ('COPYRIGHT','GENERAL','Copyright (C) 2021 ShopMe Ltd.'),('CURRENCY_ID','CURRENCY','5'),('CURRENCY_SYMBOL','CURRENCY','₽'),('CURRENCY_SYMBOL_POSITION','CURRENCY','Before price'),('DECIMAL_DIGITS','CURRENCY','2'),('DECIMAL_POINT_TYPE','CURRENCY','POINT'),('SITE_LOGO','GENERAL','Bookstore.png'),('SITE_NAME','GENERAL','MyShop'),('THOUSANDS_POINT_TYPE','CURRENCY','COMMA');
/*!40000 ALTER TABLE `settings` ENABLE KEYS */;
UNLOCK TABLES;

--
-- Table structure for table `states`
--

DROP TABLE IF EXISTS `states`;
/*!40101 SET @saved_cs_client     = @@character_set_client */;
/*!50503 SET character_set_client = utf8mb4 */;
CREATE TABLE `states` (
  `id` int(11) NOT NULL AUTO_INCREMENT,
  `name` varchar(45) NOT NULL,
  `country_id` int(11) DEFAULT NULL,
  PRIMARY KEY (`id`),
  KEY `FKskkdphjml9vjlrqn4m5hi251y` (`country_id`),
  CONSTRAINT `FKskkdphjml9vjlrqn4m5hi251y` FOREIGN KEY (`country_id`) REFERENCES `countries` (`id`)
) ENGINE=InnoDB AUTO_INCREMENT=9 DEFAULT CHARSET=utf8;
/*!40101 SET character_set_client = @saved_cs_client */;

--
-- Dumping data for table `states`
--

LOCK TABLES `states` WRITE;
/*!40000 ALTER TABLE `states` DISABLE KEYS */;
INSERT INTO `states` VALUES (1,'Karnataka',1),(2,'Panjab',1),(3,'Uttar Pradesh',1),(4,'West Bengal',1),(5,'California',2),(6,'Texas',2),(7,'New York',2),(8,'Washington',2);
/*!40000 ALTER TABLE `states` ENABLE KEYS */;
UNLOCK TABLES;

--
-- Table structure for table `users`
--

DROP TABLE IF EXISTS `users`;
/*!40101 SET @saved_cs_client     = @@character_set_client */;
/*!50503 SET character_set_client = utf8mb4 */;
CREATE TABLE `users` (
  `id` int(11) NOT NULL AUTO_INCREMENT,
  `email` varchar(128) NOT NULL,
  `first_name` varchar(45) NOT NULL,
  `last_name` varchar(45) NOT NULL,
  `enabled` int(11) NOT NULL,
  `password` varchar(64) NOT NULL,
  PRIMARY KEY (`id`),
  UNIQUE KEY `UK_6dotkott2kjsp8vw4d0m25fb7` (`email`)
) ENGINE=InnoDB AUTO_INCREMENT=3 DEFAULT CHARSET=utf8;
/*!40101 SET character_set_client = @saved_cs_client */;

--
-- Dumping data for table `users`
--

LOCK TABLES `users` WRITE;
/*!40000 ALTER TABLE `users` DISABLE KEYS */;
INSERT INTO `users` VALUES (1,'admin@mail.com','Glen','Doe',1,'$2a$10$Op29XN5Se3.XsCcWzBYpuuJhZqDYG0/MZof5PIN5RpeC9cR13hXw2'),(2,'salesperson@mail.com','Ann','Watertown',1,'$2a$10$kVrVmIORCh52d0Nmn/bCLOp9Gxb7gz/OjlKCpzPqNFUfhaHu624cK');
/*!40000 ALTER TABLE `users` ENABLE KEYS */;
UNLOCK TABLES;
/*!40103 SET TIME_ZONE=@OLD_TIME_ZONE */;

/*!40101 SET SQL_MODE=@OLD_SQL_MODE */;
/*!40014 SET FOREIGN_KEY_CHECKS=@OLD_FOREIGN_KEY_CHECKS */;
/*!40014 SET UNIQUE_CHECKS=@OLD_UNIQUE_CHECKS */;
/*!40101 SET CHARACTER_SET_CLIENT=@OLD_CHARACTER_SET_CLIENT */;
/*!40101 SET CHARACTER_SET_RESULTS=@OLD_CHARACTER_SET_RESULTS */;
/*!40101 SET COLLATION_CONNECTION=@OLD_COLLATION_CONNECTION */;
/*!40111 SET SQL_NOTES=@OLD_SQL_NOTES */;

-- Dump completed on 2021-11-19  3:51:42
